<?xml version="1.0"?>

<!--
***** BEGIN LICENSE BLOCK *****

Copyright (c) 2008-2009, Digg Inc.
All rights reserved.

Redistribution and use in source and binary forms, with or without modification,
are permitted provided that the following conditions are met:

* Redistributions of source code must retain the above copyright notice, this
list of conditions and the following disclaimer.
* Redistributions in binary form must reproduce the above copyright notice,
this list of conditions and the following disclaimer in the documentation and/or
other materials provided with the distribution.
* Neither the name of Digg Inc. nor the names of its contributors may be used to
endorse or promote products derived from this software without specific prior
written permission.

THIS SOFTWARE IS PROVIDED BY THE COPYRIGHT HOLDERS AND CONTRIBUTORS "AS IS" AND
ANY EXPRESS OR IMPLIED WARRANTIES, INCLUDING, BUT NOT LIMITED TO, THE IMPLIED
WARRANTIES OF MERCHANTABILITY AND FITNESS FOR A PARTICULAR PURPOSE ARE
DISCLAIMED. IN NO EVENT SHALL THE COPYRIGHT OWNER OR CONTRIBUTORS BE LIABLE FOR
ANY DIRECT, INDIRECT, INCIDENTAL, SPECIAL, EXEMPLARY, OR CONSEQUENTIAL DAMAGES
(INCLUDING, BUT NOT LIMITED TO, PROCUREMENT OF SUBSTITUTE GOODS OR SERVICES;
LOSS OF USE, DATA, OR PROFITS; OR BUSINESS INTERRUPTION) HOWEVER CAUSED AND ON
ANY THEORY OF LIABILITY, WHETHER IN CONTRACT, STRICT LIABILITY, OR TORT
(INCLUDING NEGLIGENCE OR OTHERWISE) ARISING IN ANY WAY OUT OF THE USE OF THIS
SOFTWARE, EVEN IF ADVISED OF THE POSSIBILITY OF SUCH DAMAGE.

***** END LICENSE BLOCK *****
-->

<bindings xmlns="http://www.mozilla.org/xbl"
  xmlns:xbl="http://www.mozilla.org/xbl"
  xmlns:xul="http://www.mozilla.org/keymaster/gatekeeper/there.is.only.xul">

  <!-- Checkbox -->
  <binding id="gs-digg-checkbox">
    <resources>
      <stylesheet src="chrome://digg/skin/gsDiggCheckbox.css"/>
    </resources>

    <content>
      <xul:hbox class="checkbox-icon-box">
        <xul:image class="checkbox-check" anonid="gs-digg-checkbox-check"
          xbl:inherits="checked,disabled,childselected"/>
      </xul:hbox>
      <xul:hbox class="checkbox-label-box" flex="1">
        <xul:image class="checkbox-icon" xbl:inherits="src"/>
        <xul:label class="checkbox-label" flex="1"
          xbl:inherits="xbl:text=label,accesskey,crop"/>
      </xul:hbox>
    </content>

    <handlers>
      <handler event="click" phase="capturing" button="0"
        action="_toogleChecked(event);"/>
      <handler event="keypress" keycode=" "
        action="_handleKeyPress(event);"/>
    </handlers>

    <implementation>

      <!-- Checked property. -->
      <property name="checked" >
        <setter>
          <![CDATA[
            if (val) {
              this.setAttribute("checked", "true");
            } else {
              this.removeAttribute("checked");
            }
          ]]>
        </setter>
        <getter>
          <![CDATA[
            return this.getAttribute("checked");
          ]]>
        </getter>
      </property>

      <!-- Label property. -->
      <property name="label" >
        <setter>
          <![CDATA[
            this.setAttribute("label", val);
          ]]>
        </setter>
        <getter>
          <![CDATA[
            return this.getAttribute("label");
          ]]>
        </getter>
      </property>

      <!-- Constructor -->
      <constructor>
        <![CDATA[
        ]]>
      </constructor>

      <!--
        - Toogles the checked value.
        -->
      <method name="_toogleChecked">
        <parameter name="aEvent"/>
        <body>
          <![CDATA[
            this.removeAttribute("childselected");
            this.checked = !this.checked;

            aEvent.target.doCommand();
          ]]>
        </body>
      </method>

      <!--
        - Toogles the checked value when the keypress event is called.
        -->
      <method name="_handleKeyPress">
        <parameter name="aEvent"/>
        <body>
          <![CDATA[
            if (aEvent.charCode == 32) {
              this._toogleChecked(aEvent);
            }
          ]]>
        </body>
      </method>

    </implementation>
  </binding>

</bindings>
